DepMap_ID,num_arm_events,many_arm_events,CCLE_ID,RNAi_doubling_time,CCLE_doubling_time
ACH-000001,26,TRUE,NIHOVCAR3_OVARY,64,NA
ACH-000002,6,FALSE,HL60_HAEMATOPOIETIC_AND_LYMPHOID_TISSUE,28,113.3
ACH-000004,20,NA,HEL_HAEMATOPOIETIC_AND_LYMPHOID_TISSUE,60,38.4
ACH-000005,19,NA,HEL9217_HAEMATOPOIETIC_AND_LYMPHOID_TISSUE,NA,116
ACH-000006,8,NA,MONOMAC6_HAEMATOPOIETIC_AND_LYMPHOID_TISSUE,40,55.3
ACH-000007,8,NA,LS513_LARGE_INTESTINE,20,NA
ACH-000008,22,TRUE,A101D_SKIN,NA,69.1
ACH-000009,16,NA,C2BBE1_LARGE_INTESTINE,44,110.9
ACH-000012,21,NA,HCC827_LUNG,71,117.6
ACH-000013,21,NA,ONCODG1_OVARY,NA,54.7
ACH-000014,8,NA,HS294T_SKIN,40,67.5
ACH-000015,19,NA,NCIH1581_LUNG,51,34.1
ACH-000016,8,NA,SLR21_KIDNEY,60,NA
ACH-000017,27,TRUE,SKBR3_BREAST,NA,95.3
ACH-000018,24,TRUE,T24_URINARY_TRACT,NA,38.8
ACH-000019,18,NA,MCF7_BREAST,30,84.9
ACH-000020,3,FALSE,MHHCALL2_HAEMATOPOIETIC_AND_LYMPHOID_TISSUE,NA,NA
ACH-000021,26,TRUE,NCIH1693_LUNG,50,94.7
ACH-000022,26,TRUE,PATU8988S_PANCREAS,NA,110
ACH-000023,23,TRUE,PATU8988T_PANCREAS,NA,NA
ACH-000024,22,TRUE,OPM2_HAEMATOPOIETIC_AND_LYMPHOID_TISSUE,40,93
ACH-000025,10,NA,CH157MN_CENTRAL_NERVOUS_SYSTEM,22,NA
ACH-000027,9,NA,GOS3_CENTRAL_NERVOUS_SYSTEM,NA,NA
ACH-000028,20,NA,KPL1_BREAST,54,NA
ACH-000030,19,NA,PC14_LUNG,47,35.2966
ACH-000031,13,NA,PANC0213_PANCREAS,NA,NA
ACH-000032,4,FALSE,MHHCALL3_HAEMATOPOIETIC_AND_LYMPHOID_TISSUE,NA,NA
ACH-000035,13,NA,NCIH1650_LUNG,42,52.2
ACH-000036,14,NA,U343_CENTRAL_NERVOUS_SYSTEM,45,NA
ACH-000037,34,TRUE,S117_THYROID,NA,107.6
ACH-000038,0,FALSE,EHEB_HAEMATOPOIETIC_AND_LYMPHOID_TISSUE,NA,176
ACH-000039,8,NA,SKNMC_BONE,NA,32.9
ACH-000040,25,TRUE,U118MG_CENTRAL_NERVOUS_SYSTEM,64,49.9
ACH-000041,24,TRUE,RDES_BONE,62,NA
ACH-000042,18,NA,PANC0203_PANCREAS,NA,102.2
ACH-000043,0,FALSE,HS895T_FIBROBLAST,NA,NA
ACH-000044,8,NA,MDAMB134VI_BREAST,NA,368
ACH-000045,4,FALSE,MV411_HAEMATOPOIETIC_AND_LYMPHOID_TISSUE,26,55.2
ACH-000046,7,FALSE,ACHN_KIDNEY,32,284.1
ACH-000047,22,TRUE,GCIY_STOMACH,NA,NA
ACH-000048,6,FALSE,TOV112D_OVARY,22,35.5
ACH-000050,10,NA,NCIH929_HAEMATOPOIETIC_AND_LYMPHOID_TISSUE,NA,97.2
ACH-000051,0,FALSE,TE617T_SOFT_TISSUE,NA,NA
ACH-000052,3,FALSE,A673_BONE,28,NA
ACH-000053,7,FALSE,KARPAS299_HAEMATOPOIETIC_AND_LYMPHOID_TISSUE,NA,45.5
ACH-000054,4,FALSE,HT1080_SOFT_TISSUE,105,42.7
ACH-000055,7,FALSE,D283MED_CENTRAL_NERVOUS_SYSTEM,115,243.4
ACH-000056,2,FALSE,DOHH2_HAEMATOPOIETIC_AND_LYMPHOID_TISSUE,NA,119.2
ACH-000058,18,NA,ML1_THYROID,NA,66.9
ACH-000059,2,FALSE,SUPB15_HAEMATOPOIETIC_AND_LYMPHOID_TISSUE,NA,NA
ACH-000060,13,NA,PANC1005_PANCREAS,30,NA
ACH-000061,5,FALSE,HH_HAEMATOPOIETIC_AND_LYMPHOID_TISSUE,NA,NA
ACH-000062,12,NA,RERFLCMS_LUNG,NA,68.9
ACH-000063,0,FALSE,HS616T_FIBROBLAST,NA,NA
ACH-000065,4,FALSE,OCIAML5_HAEMATOPOIETIC_AND_LYMPHOID_TISSUE,28,NA
ACH-000066,20,NA,HCC4006_LUNG,NA,108.7
ACH-000067,5,FALSE,HS683_CENTRAL_NERVOUS_SYSTEM,49,NA
ACH-000068,11,NA,REC1_HAEMATOPOIETIC_AND_LYMPHOID_TISSUE,NA,NA
ACH-000070,3,FALSE,697_HAEMATOPOIETIC_AND_LYMPHOID_TISSUE,40,46.6
ACH-000071,0,FALSE,HS706T_BONE,NA,NA
ACH-000072,14,NA,MEG01_HAEMATOPOIETIC_AND_LYMPHOID_TISSUE,NA,NA
ACH-000073,7,FALSE,GRANTA519_HAEMATOPOIETIC_AND_LYMPHOID_TISSUE,NA,NA
ACH-000074,11,NA,KU812_HAEMATOPOIETIC_AND_LYMPHOID_TISSUE,NA,NA
ACH-000075,6,FALSE,U87MG_CENTRAL_NERVOUS_SYSTEM,37,66
ACH-000076,7,FALSE,NCO2_HAEMATOPOIETIC_AND_LYMPHOID_TISSUE,NA,NA
ACH-000077,1,FALSE,MJ_HAEMATOPOIETIC_AND_LYMPHOID_TISSUE,NA,NA
ACH-000078,8,NA,MHHNB11_AUTONOMIC_GANGLIA,NA,NA
ACH-000079,0,FALSE,TE125T_FIBROBLAST,NA,265
ACH-000080,0,FALSE,BDCM_HAEMATOPOIETIC_AND_LYMPHOID_TISSUE,NA,NA
ACH-000081,5,FALSE,GDM1_HAEMATOPOIETIC_AND_LYMPHOID_TISSUE,NA,NA
ACH-000082,11,NA,G292CLONEA141B1_BONE,NA,NA
ACH-000083,0,FALSE,HS281T_FIBROBLAST,NA,NA
ACH-000085,26,TRUE,T3M4_PANCREAS,NA,144.4
ACH-000086,5,FALSE,ACCMESO1_PLEURA,NA,NA
ACH-000087,9,NA,SKES1_BONE,45,NA
ACH-000088,0,FALSE,HS172T_FIBROBLAST,NA,NA
ACH-000090,29,TRUE,PC3_PROSTATE,67,42.3
ACH-000091,7,FALSE,OV56_OVARY,NA,148.6
ACH-000092,15,NA,NCIH2452_PLEURA,48,48.4
ACH-000093,16,NA,PANC0504_PANCREAS,NA,555.4
ACH-000094,27,TRUE,HPAFII_PANCREAS,70,79
ACH-000095,9,NA,D341MED_CENTRAL_NERVOUS_SYSTEM,36,472.8
ACH-000096,0,FALSE,G401_SOFT_TISSUE,36,NA
ACH-000097,15,NA,ZR751_BREAST,90,88.7
ACH-000098,22,TRUE,GAMG_CENTRAL_NERVOUS_SYSTEM,NA,33
ACH-000099,3,FALSE,SIMA_AUTONOMIC_GANGLIA,NA,NA
ACH-000100,22,TRUE,RH41_SOFT_TISSUE,50,NA
ACH-000101,2,FALSE,KE37_HAEMATOPOIETIC_AND_LYMPHOID_TISSUE,NA,NA
ACH-000102,10,NA,GMS10_CENTRAL_NERVOUS_SYSTEM,NA,61.1
ACH-000103,26,TRUE,CAOV4_OVARY,120,NA
ACH-000104,2,FALSE,LOUCY_HAEMATOPOIETIC_AND_LYMPHOID_TISSUE,NA,NA
ACH-000105,6,FALSE,ALLSIL_HAEMATOPOIETIC_AND_LYMPHOID_TISSUE,NA,74
ACH-000106,2,FALSE,JVM2_HAEMATOPOIETIC_AND_LYMPHOID_TISSUE,NA,NA
ACH-000107,17,NA,CAPAN2_PANCREAS,NA,NA
ACH-000108,25,TRUE,KP3_PANCREAS,NA,NA
ACH-000109,30,TRUE,NCIH3255_LUNG,73,NA
ACH-000110,16,NA,NCCSTCK140_STOMACH,83,NA
ACH-000111,14,NA,HCC1187_BREAST,100,66
ACH-000112,22,TRUE,SIGM5_HAEMATOPOIETIC_AND_LYMPHOID_TISSUE,NA,NA
ACH-000113,5,FALSE,OCIAML2_HAEMATOPOIETIC_AND_LYMPHOID_TISSUE,30,NA
ACH-000114,21,NA,SU8686_PANCREAS,48,62.1
ACH-000115,17,NA,VCAP_PROSTATE,100,NA
ACH-000116,15,NA,OAW28_OVARY,NA,NA
ACH-000117,19,NA,EFM192A_BREAST,NA,96.7
ACH-000118,13,NA,HUPT3_PANCREAS,50,106
ACH-000119,0,FALSE,HS863T_FIBROBLAST,NA,175.9
ACH-000120,4,FALSE,CHP212_AUTONOMIC_GANGLIA,NA,93.8
ACH-000121,12,NA,NCIH2405_LUNG,51,NA
ACH-000122,10,NA,SUPT11_HAEMATOPOIETIC_AND_LYMPHOID_TISSUE,NA,78.9
ACH-000123,0,FALSE,COV434_OVARY,24,NA
ACH-000124,3,FALSE,OCILY19_HAEMATOPOIETIC_AND_LYMPHOID_TISSUE,NA,51.1
ACH-000125,0,FALSE,TO175T_FIBROBLAST,NA,NA
ACH-000126,27,TRUE,KG1C_CENTRAL_NERVOUS_SYSTEM,NA,111.4
ACH-000127,16,NA,SLR20_KIDNEY,24,NA
ACH-000128,20,NA,LN319_CENTRAL_NERVOUS_SYSTEM,45,NA
ACH-000129,7,FALSE,NCIH1341_LUNG,NA,131.8
ACH-000130,3,FALSE,NALM19_HAEMATOPOIETIC_AND_LYMPHOID_TISSUE,NA,NA
ACH-000131,0,FALSE,HS229T_FIBROBLAST,NA,467.4
ACH-000132,14,NA,JHOS2_OVARY,68,133.4
ACH-000133,13,NA,HS729_SOFT_TISSUE,NA,NA
ACH-000134,0,FALSE,HS274T_FIBROBLAST,NA,NA
ACH-000135,0,FALSE,HS940T_FIBROBLAST,NA,NA
ACH-000136,6,FALSE,CHP126_AUTONOMIC_GANGLIA,NA,NA
ACH-000137,10,NA,8MGBA_CENTRAL_NERVOUS_SYSTEM,NA,43
ACH-000138,12,NA,CFPAC1_PANCREAS,45,80.2
ACH-000139,21,NA,PANC0327_PANCREAS,51,85.9
ACH-000140,8,NA,PFEIFFER_HAEMATOPOIETIC_AND_LYMPHOID_TISSUE,NA,34.1
ACH-000141,23,TRUE,SNU308_BILIARY_TRACT,NA,NA
ACH-000142,21,NA,CAL29_URINARY_TRACT,NA,82.5
ACH-000144,23,TRUE,RERFGC1B_STOMACH,NA,NA
ACH-000145,6,FALSE,SKLMS1_SOFT_TISSUE,NA,NA
ACH-000146,11,NA,THP1_HAEMATOPOIETIC_AND_LYMPHOID_TISSUE,26,101.8
ACH-000147,30,TRUE,T47D_BREAST,68,188.6
ACH-000148,24,TRUE,HS578T_BREAST,57,47.9
ACH-000149,2,FALSE,SKNSH_AUTONOMIC_GANGLIA,NA,50.6
ACH-000150,22,TRUE,HCC2935_LUNG,NA,115.9
ACH-000151,10,NA,JM1_HAEMATOPOIETIC_AND_LYMPHOID_TISSUE,NA,NA
ACH-000152,26,TRUE,M059K_CENTRAL_NERVOUS_SYSTEM,54,164.5
ACH-000153,31,TRUE,NCIH2052_PLEURA,48,194.2
ACH-000154,0,FALSE,HS888T_FIBROBLAST,NA,NA
ACH-000155,20,NA,SW1990_PANCREAS,NA,NA
ACH-000156,2,FALSE,MHHCALL4_HAEMATOPOIETIC_AND_LYMPHOID_TISSUE,NA,NA
ACH-000157,5,FALSE,A4FUK_HAEMATOPOIETIC_AND_LYMPHOID_TISSUE,48,118.1
ACH-000158,18,NA,OCILY3_HAEMATOPOIETIC_AND_LYMPHOID_TISSUE,NA,45.4
ACH-000159,16,NA,OSRC2_KIDNEY,56,NA
ACH-000161,11,NA,CORL105_LUNG,70,NA
ACH-000162,3,FALSE,GA10_HAEMATOPOIETIC_AND_LYMPHOID_TISSUE,NA,51.6
ACH-000163,22,TRUE,SW579_THYROID,NA,45
ACH-000164,23,TRUE,PANC1_PANCREAS,NA,35.8
ACH-000165,0,FALSE,HS751T_FIBROBLAST,NA,NA
ACH-000166,7,FALSE,KASUMI6_HAEMATOPOIETIC_AND_LYMPHOID_TISSUE,NA,142.9
ACH-000167,4,FALSE,KE97_STOMACH,NA,40.3
ACH-000168,7,FALSE,NOMO1_HAEMATOPOIETIC_AND_LYMPHOID_TISSUE,40,66.5
ACH-000169,14,NA,RD_SOFT_TISSUE,34,49.4
ACH-000171,11,NA,VMRCRCZ_KIDNEY,NA,73.6
ACH-000173,9,NA,JHUEM3_ENDOMETRIUM,NA,NA
ACH-000174,21,NA,CAL62_THYROID,NA,26
ACH-000175,0,FALSE,TE159T_FIBROBLAST,NA,NA
ACH-000176,7,FALSE,LOUNH91_LUNG,110,101.6
ACH-000177,26,TRUE,NCIH660_PROSTATE,100,NA
ACH-000178,24,TRUE,HS766T_PANCREAS,30,NA
ACH-000179,19,NA,NCIH1618_LUNG,NA,NA
ACH-000180,0,FALSE,HS839T_FIBROBLAST,NA,96.9
ACH-000181,22,TRUE,SCC9_UPPER_AERODIGESTIVE_TRACT,NA,NA
ACH-000183,8,NA,L363_HAEMATOPOIETIC_AND_LYMPHOID_TISSUE,25,60.54
ACH-000184,0,FALSE,HS343T_FIBROBLAST,NA,NA
ACH-000185,0,FALSE,HS737T_FIBROBLAST,NA,NA
ACH-000186,26,TRUE,NCIH2444_LUNG,NA,116
ACH-000187,24,TRUE,CORL311_LUNG,NA,112.1
ACH-000188,12,NA,SCC25_UPPER_AERODIGESTIVE_TRACT,NA,NA
ACH-000189,31,TRUE,RCC10RGB_KIDNEY,NA,122.9
ACH-000190,16,NA,HDMYZ_HAEMATOPOIETIC_AND_LYMPHOID_TISSUE,NA,43.6
ACH-000191,27,TRUE,BHT101_THYROID,NA,38.5
ACH-000192,28,TRUE,MFE280_ENDOMETRIUM,150,NA
ACH-000193,20,NA,KARPAS620_HAEMATOPOIETIC_AND_LYMPHOID_TISSUE,NA,67.6
ACH-000194,0,FALSE,HS934T_FIBROBLAST,NA,149.9
ACH-000195,8,NA,SET2_HAEMATOPOIETIC_AND_LYMPHOID_TISSUE,NA,59.7
ACH-000196,18,NA,HCC1599_BREAST,NA,179.8
ACH-000198,9,NA,EOL1_HAEMATOPOIETIC_AND_LYMPHOID_TISSUE,NA,64.5
ACH-000200,8,NA,NMCG1_CENTRAL_NERVOUS_SYSTEM,NA,137.9
ACH-000201,0,FALSE,A204_SOFT_TISSUE,28,NA
ACH-000202,13,NA,COLO320_LARGE_INTESTINE,NA,NA
ACH-000203,4,FALSE,NH6_AUTONOMIC_GANGLIA,NA,NA
ACH-000204,5,FALSE,LP1_HAEMATOPOIETIC_AND_LYMPHOID_TISSUE,NA,127.7
ACH-000205,22,TRUE,PK59_PANCREAS,NA,53.8
ACH-000207,22,TRUE,DETROIT562_UPPER_AERODIGESTIVE_TRACT,NA,60.6
ACH-000208,6,FALSE,U178_CENTRAL_NERVOUS_SYSTEM,45,NA
ACH-000209,19,NA,SNU1079_BILIARY_TRACT,NA,NA
ACH-000210,2,FALSE,CADOES1_BONE,48,103.9
ACH-000211,21,NA,DAOY_CENTRAL_NERVOUS_SYSTEM,NA,40.8
ACH-000212,34,TRUE,CAL120_BREAST,45,52.4
ACH-000213,24,TRUE,HUPT4_PANCREAS,NA,440
ACH-000214,0,FALSE,HS675T_FIBROBLAST,NA,NA
ACH-000215,27,TRUE,LN382_CENTRAL_NERVOUS_SYSTEM,52,NA
ACH-000216,22,TRUE,JHESOAD1_OESOPHAGUS,29,NA
ACH-000217,16,NA,JHH6_LIVER,NA,156.8
ACH-000218,23,TRUE,PL21_HAEMATOPOIETIC_AND_LYMPHOID_TISSUE,NA,72.8
ACH-000219,16,NA,A375_SKIN,24,30.8
ACH-000220,14,NA,MINO_HAEMATOPOIETIC_AND_LYMPHOID_TISSUE,NA,NA
ACH-000221,22,TRUE,SNU398_LIVER,NA,NA
ACH-000222,25,TRUE,ASPC1_PANCREAS,46,171.5
ACH-000223,24,TRUE,HCC1937_BREAST,110,88.8
ACH-000224,0,FALSE,HS819T_FIBROBLAST,NA,NA
ACH-000225,13,NA,ECC12_STOMACH,NA,95.9
ACH-000226,5,FALSE,SUPM2_HAEMATOPOIETIC_AND_LYMPHOID_TISSUE,NA,62.3
ACH-000227,4,FALSE,KPNYN_AUTONOMIC_GANGLIA,NA,153.8
ACH-000228,15,NA,BICR31_UPPER_AERODIGESTIVE_TRACT,NA,77.7
ACH-000229,0,FALSE,HS822T_FIBROBLAST,NA,NA
ACH-000230,0,FALSE,HS742T_FIBROBLAST,NA,NA
ACH-000231,22,TRUE,KALS1_CENTRAL_NERVOUS_SYSTEM,90,56.9
ACH-000232,17,NA,U251MG_CENTRAL_NERVOUS_SYSTEM,24,NA
ACH-000233,11,NA,DEL_HAEMATOPOIETIC_AND_LYMPHOID_TISSUE,NA,81.1
ACH-000234,16,NA,CAKI2_KIDNEY,55,NA
ACH-000235,20,NA,PANC0403_PANCREAS,NA,39.4
ACH-000236,18,NA,SW1417_LARGE_INTESTINE,68,NA
ACH-000237,22,TRUE,JHOM1_OVARY,60,60
ACH-000238,21,NA,SCC4_UPPER_AERODIGESTIVE_TRACT,66,NA
ACH-000239,28,TRUE,HUG1N_STOMACH,33,NA
ACH-000240,0,FALSE,HS600T_FIBROBLAST,NA,NA
ACH-000241,4,FALSE,JK1_HAEMATOPOIETIC_AND_LYMPHOID_TISSUE,NA,NA
ACH-000242,19,NA,RT4_URINARY_TRACT,NA,103.6
ACH-000243,24,TRUE,DANG_PANCREAS,NA,43.3
ACH-000244,8,NA,DKMG_CENTRAL_NERVOUS_SYSTEM,80,77.7
ACH-000245,5,FALSE,BL41_HAEMATOPOIETIC_AND_LYMPHOID_TISSUE,NA,25.5
ACH-000247,10,NA,OCUM1_STOMACH,NA,NA
ACH-000248,31,TRUE,AU565_BREAST,85,74.1
ACH-000249,9,NA,CL11_LARGE_INTESTINE,NA,98.8
ACH-000250,11,NA,KMRC20_KIDNEY,NA,65
ACH-000252,16,NA,LS1034_LARGE_INTESTINE,NA,93.9
ACH-000254,21,NA,SCC15_UPPER_AERODIGESTIVE_TRACT,NA,NA
ACH-000255,25,TRUE,LMSU_STOMACH,NA,NA
ACH-000256,29,TRUE,COV318_OVARY,NA,93.1
ACH-000257,10,NA,CORL279_LUNG,110,NA
ACH-000258,4,FALSE,DU4475_BREAST,NA,145.6
ACH-000259,10,NA,KELLY_AUTONOMIC_GANGLIA,NA,40.9
ACH-000260,10,NA,SKNAS_AUTONOMIC_GANGLIA,NA,55.9
ACH-000261,10,NA,RERFLCAI_LUNG,46,51.3
ACH-000262,23,TRUE,UOK101_KIDNEY,28,NA
ACH-000263,5,FALSE,KASUMI1_HAEMATOPOIETIC_AND_LYMPHOID_TISSUE,40,67.7
ACH-000264,19,NA,CALU6_LUNG,105,78.9
ACH-000265,19,NA,KP4_PANCREAS,27,NA
ACH-000266,18,NA,SNU213_PANCREAS,NA,NA
ACH-000267,10,NA,HDLM2_HAEMATOPOIETIC_AND_LYMPHOID_TISSUE,NA,126.8
ACH-000268,18,NA,SNU245_BILIARY_TRACT,NA,NA
ACH-000269,6,FALSE,AM38_CENTRAL_NERVOUS_SYSTEM,72,NA
ACH-000270,16,NA,HPAC_PANCREAS,23,69.7
ACH-000271,3,FALSE,SUDHL10_HAEMATOPOIETIC_AND_LYMPHOID_TISSUE,34,NA
ACH-000272,6,FALSE,SLR24_KIDNEY,30,NA
ACH-000274,10,NA,HS852T_SKIN,NA,74.3
ACH-000276,24,TRUE,HCC38_BREAST,200,103.3
ACH-000277,8,NA,HCC1419_BREAST,NA,NA
ACH-000278,17,NA,COV362_OVARY,91,77
ACH-000279,19,NA,EWS502_BONE,46,NA
ACH-000280,22,TRUE,SNU840_OVARY,36,36.9
ACH-000281,16,NA,KP2_PANCREAS,36,NA
ACH-000282,21,NA,NCIH1755_LUNG,NA,41
ACH-000283,24,TRUE,A1207_CENTRAL_NERVOUS_SYSTEM,24,NA
ACH-000284,0,FALSE,HS840T_FIBROBLAST,NA,NA
ACH-000285,14,NA,TOLEDO_HAEMATOPOIETIC_AND_LYMPHOID_TISSUE,NA,51.4
ACH-000287,1,FALSE,NUDUL1_HAEMATOPOIETIC_AND_LYMPHOID_TISSUE,NA,NA
ACH-000288,10,NA,BT549_BREAST,NA,98.4
ACH-000289,7,FALSE,SNU466_CENTRAL_NERVOUS_SYSTEM,NA,NA
ACH-000290,10,NA,NCIH209_LUNG,162,115.6
ACH-000291,13,NA,OV90_OVARY,40,91.2
ACH-000292,25,TRUE,NCIH841_LUNG,45,40.5
ACH-000293,22,TRUE,KLE_ENDOMETRIUM,NA,70.2
ACH-000294,20,NA,NB4_HAEMATOPOIETIC_AND_LYMPHOID_TISSUE,30,NA
ACH-000295,14,NA,EM2_HAEMATOPOIETIC_AND_LYMPHOID_TISSUE,NA,65.8
ACH-000296,16,NA,OUMS23_LARGE_INTESTINE,NA,NA
ACH-000297,22,TRUE,NCIH889_LUNG,NA,NA
ACH-000298,10,NA,NCIH2029_LUNG,NA,171.6
ACH-000300,16,NA,SLR25_KIDNEY,60,NA
ACH-000301,18,NA,LAMA84_HAEMATOPOIETIC_AND_LYMPHOID_TISSUE,36,NA
ACH-000302,31,TRUE,SNU1077_ENDOMETRIUM,NA,NA
ACH-000303,17,NA,SNU5_STOMACH,37,NA
ACH-000304,5,FALSE,WM115_SKIN,55,105.1
ACH-000305,28,TRUE,ECGI10_OESOPHAGUS,40,NA
ACH-000306,0,FALSE,HS688AT_FIBROBLAST,NA,208.5
ACH-000307,16,NA,PK1_PANCREAS,NA,58.2
ACH-000308,21,NA,EFO21_OVARY,42,NA
ACH-000309,27,TRUE,SKLU1_LUNG,NA,174.6
ACH-000310,8,NA,IMR32_AUTONOMIC_GANGLIA,NA,NA
ACH-000311,20,NA,NCIH2122_LUNG,27,47.77519
ACH-000312,7,FALSE,SKNBE2_AUTONOMIC_GANGLIA,NA,NA
ACH-000313,5,FALSE,KMRC3_KIDNEY,NA,73.2
ACH-000315,1,FALSE,KARPAS422_HAEMATOPOIETIC_AND_LYMPHOID_TISSUE,48,58.5
ACH-000316,7,FALSE,SNU886_LIVER,NA,NA
ACH-000317,11,NA,TUHR14TKB_KIDNEY,210,160.3
ACH-000318,29,TRUE,TE10_OESOPHAGUS,30,NA
ACH-000319,12,NA,MPP89_PLEURA,NA,NA
ACH-000320,24,TRUE,PSN1_PANCREAS,35,40.9
ACH-000321,10,NA,MOLM6_HAEMATOPOIETIC_AND_LYMPHOID_TISSUE,NA,78.8
ACH-000322,16,NA,HT144_SKIN,49,42.5
ACH-000323,13,NA,42MGBA_CENTRAL_NERVOUS_SYSTEM,NA,82.6
ACH-000324,27,TRUE,JHOC5_OVARY,30,NA
ACH-000325,13,NA,SNU620_STOMACH,NA,NA
ACH-000326,6,FALSE,JURLMK1_HAEMATOPOIETIC_AND_LYMPHOID_TISSUE,NA,NA
ACH-000327,19,NA,NCIH1395_LUNG,83,94.2
ACH-000329,4,FALSE,CCFSTTG1_CENTRAL_NERVOUS_SYSTEM,NA,187.5
ACH-000330,26,TRUE,EFM19_BREAST,81,NA
ACH-000331,7,FALSE,ISTMES2_PLEURA,NA,NA
ACH-000332,27,TRUE,YAPC_PANCREAS,NA,72.7
ACH-000333,11,NA,JHOM2B_OVARY,NA,NA
ACH-000334,21,NA,DB_HAEMATOPOIETIC_AND_LYMPHOID_TISSUE,70,52.6
ACH-000335,6,FALSE,MSTO211H_PLEURA,NA,35.6
ACH-000336,4,FALSE,OCIAML3_HAEMATOPOIETIC_AND_LYMPHOID_TISSUE,28,70.4
ACH-000338,20,NA,SR786_HAEMATOPOIETIC_AND_LYMPHOID_TISSUE,NA,NA
ACH-000340,0,FALSE,HS870T_FIBROBLAST,NA,NA
ACH-000341,7,FALSE,SKNFI_AUTONOMIC_GANGLIA,NA,NA
ACH-000342,13,NA,CL14_LARGE_INTESTINE,NA,NA
ACH-000343,18,NA,NCIH522_LUNG,39,NA
ACH-000344,24,TRUE,SNU668_STOMACH,NA,NA
ACH-000345,2,FALSE,KPNRTBM1_AUTONOMIC_GANGLIA,NA,404.8
ACH-000346,3,FALSE,JVM3_HAEMATOPOIETIC_AND_LYMPHOID_TISSUE,NA,NA
ACH-000347,26,TRUE,QGP1_PANCREAS,61,92.1
ACH-000348,29,TRUE,RPMI7951_SKIN,NA,52.9
ACH-000349,18,NA,HCC1500_BREAST,175,123.5
ACH-000350,17,NA,COLO678_LARGE_INTESTINE,NA,NA
ACH-000351,19,NA,MKN1_STOMACH,40,NA
ACH-000352,15,NA,HCC1428_BREAST,168,81.4
ACH-000353,27,TRUE,TE15_OESOPHAGUS,37,NA
ACH-000354,24,TRUE,CAPAN1_PANCREAS,NA,148.4
ACH-000355,18,NA,NCIH82_LUNG,NA,21.6
ACH-000356,17,NA,MKN45_STOMACH,44,NA
ACH-000357,10,NA,JEKO1_HAEMATOPOIETIC_AND_LYMPHOID_TISSUE,NA,46
ACH-000358,16,NA,NCIH69_LUNG,NA,98.3
ACH-000359,21,NA,MG63_BONE,NA,NA
ACH-000360,9,NA,NCIH508_LARGE_INTESTINE,32,NA
ACH-000361,19,NA,SKHEP1_LIVER,157,44.4
ACH-000362,8,NA,MOLM13_HAEMATOPOIETIC_AND_LYMPHOID_TISSUE,24,60.6
ACH-000363,9,NA,SKMM2_HAEMATOPOIETIC_AND_LYMPHOID_TISSUE,85,NA
ACH-000364,16,NA,U2OS_BONE,31,NA
ACH-000365,9,NA,SUDHL4_HAEMATOPOIETIC_AND_LYMPHOID_TISSUE,32,45.1
ACH-000366,7,FALSE,SKNDZ_AUTONOMIC_GANGLIA,NA,NA
ACH-000367,5,FALSE,NCIH226_LUNG,NA,49.8
ACH-000368,5,FALSE,SNU1105_CENTRAL_NERVOUS_SYSTEM,73,NA
ACH-000369,7,FALSE,MOLM16_HAEMATOPOIETIC_AND_LYMPHOID_TISSUE,NA,73.9
ACH-000370,26,TRUE,SNU626_CENTRAL_NERVOUS_SYSTEM,NA,NA
ACH-000371,7,FALSE,RL_HAEMATOPOIETIC_AND_LYMPHOID_TISSUE,NA,62.5
ACH-000372,7,FALSE,P12ICHIKAWA_HAEMATOPOIETIC_AND_LYMPHOID_TISSUE,NA,NA
ACH-000373,6,FALSE,SKM1_HAEMATOPOIETIC_AND_LYMPHOID_TISSUE,NA,40
ACH-000374,29,TRUE,HCC1143_BREAST,61,214.2
ACH-000375,2,FALSE,G402_SOFT_TISSUE,37,42.1
ACH-000376,14,NA,SF295_CENTRAL_NERVOUS_SYSTEM,27,NA
ACH-000377,23,TRUE,SNU478_BILIARY_TRACT,NA,NA
ACH-000378,16,NA,NCIH647_LUNG,43,68.6
ACH-000379,29,TRUE,NCIH1781_LUNG,NA,197.3
ACH-000380,11,NA,KMS12BM_HAEMATOPOIETIC_AND_LYMPHOID_TISSUE,60,NA
ACH-000381,19,NA,T84_LARGE_INTESTINE,NA,NA
ACH-000382,12,NA,CORL24_LUNG,NA,139.2
ACH-000383,27,TRUE,OE33_OESOPHAGUS,33,61.3
ACH-000384,6,FALSE,SW780_URINARY_TRACT,NA,92.9
ACH-000386,6,FALSE,KG1_HAEMATOPOIETIC_AND_LYMPHOID_TISSUE,NA,78.5
ACH-000387,10,NA,TF1_HAEMATOPOIETIC_AND_LYMPHOID_TISSUE,NA,46.6
ACH-000388,5,FALSE,NUDHL1_HAEMATOPOIETIC_AND_LYMPHOID_TISSUE,NA,NA
ACH-000389,16,NA,H4_CENTRAL_NERVOUS_SYSTEM,NA,35.6
ACH-000390,23,TRUE,LUDLU1_LUNG,66,120.7
ACH-000391,10,NA,MHHES1_BONE,31,NA
ACH-000392,24,TRUE,CALU3_LUNG,300,NA
ACH-000393,18,NA,HLF_LIVER,27,58.2
ACH-000394,23,TRUE,NCIH2081_LUNG,NA,NA
ACH-000395,23,TRUE,NCIH520_LUNG,67,47.3
ACH-000396,8,NA,J82_URINARY_TRACT,NA,34.4
ACH-000397,29,TRUE,TEN_ENDOMETRIUM,NA,178.9
ACH-000398,8,NA,RI1_HAEMATOPOIETIC_AND_LYMPHOID_TISSUE,NA,NA
ACH-000399,11,NA,NCIH2196_LUNG,NA,89.9
ACH-000400,31,TRUE,SKCO1_LARGE_INTESTINE,46,76
ACH-000401,27,TRUE,COLO800_SKIN,37,47.8
ACH-000402,2,FALSE,BL70_HAEMATOPOIETIC_AND_LYMPHOID_TISSUE,NA,NA
ACH-000403,25,TRUE,NCIH747_LARGE_INTESTINE,NA,NA
ACH-000404,12,NA,K029AX_SKIN,39,57
ACH-000405,5,FALSE,MEC1_HAEMATOPOIETIC_AND_LYMPHOID_TISSUE,NA,NA
ACH-000406,22,TRUE,U937_HAEMATOPOIETIC_AND_LYMPHOID_TISSUE,47,115.9
ACH-000407,29,TRUE,SNU685_ENDOMETRIUM,49,NA
ACH-000408,24,TRUE,TE5_OESOPHAGUS,NA,NA
ACH-000409,31,TRUE,OVSAHO_OVARY,NA,61.7
ACH-000411,5,FALSE,769P_KIDNEY,41,31.5
ACH-000412,12,NA,SNU1197_LARGE_INTESTINE,NA,NA
ACH-000413,0,FALSE,HS739T_FIBROBLAST,NA,NA
ACH-000414,7,FALSE,NCIH1944_LUNG,95,70.1
ACH-000415,23,TRUE,BICR6_UPPER_AERODIGESTIVE_TRACT,60,119.4
ACH-000416,9,NA,NCIH838_LUNG,31,42.9
ACH-000417,28,TRUE,PANC0813_PANCREAS,117,NA
ACH-000418,2,FALSE,SW1353_BONE,NA,101.3
ACH-000419,12,NA,KMS28BM_HAEMATOPOIETIC_AND_LYMPHOID_TISSUE,NA,60
ACH-000420,17,NA,SNU449_LIVER,NA,NA
ACH-000421,13,NA,SW837_LARGE_INTESTINE,66,38
ACH-000422,22,TRUE,SNU475_LIVER,NA,NA
ACH-000423,20,NA,SKMEL3_SKIN,45,387
ACH-000424,3,FALSE,TC71_BONE,26,NA
ACH-000425,9,NA,UACC62_SKIN,NA,207.6
ACH-000426,6,FALSE,KMS20_HAEMATOPOIETIC_AND_LYMPHOID_TISSUE,NA,130
ACH-000427,15,NA,NCIN87_STOMACH,86,76.7
ACH-000429,12,NA,A704_KIDNEY,150,NA
ACH-000430,17,NA,TYKNU_OVARY,45,NA
ACH-000431,17,NA,NCIH1694_LUNG,90,81.2
ACH-000432,3,FALSE,BV173_HAEMATOPOIETIC_AND_LYMPHOID_TISSUE,NA,100.6
ACH-000433,23,TRUE,CAKI1_KIDNEY,NA,88.3
ACH-000434,9,NA,NCIH1915_LUNG,53,96.8
ACH-000435,13,NA,EFE184_ENDOMETRIUM,90,89.9
ACH-000437,27,TRUE,SW1088_CENTRAL_NERVOUS_SYSTEM,NA,NA
ACH-000438,11,NA,LU65_LUNG,59,NA
ACH-000439,10,NA,ME1_HAEMATOPOIETIC_AND_LYMPHOID_TISSUE,NA,142.8
ACH-000440,0,FALSE,CA46_HAEMATOPOIETIC_AND_LYMPHOID_TISSUE,NA,25.7
ACH-000441,13,NA,SH4_SKIN,35,68.9
ACH-000442,22,TRUE,RERFLCSQ1_LUNG,NA,NA
ACH-000443,17,NA,OVKATE_OVARY,NA,96
ACH-000444,24,TRUE,LU99_LUNG,40,40.4
ACH-000445,11,NA,KNS60_CENTRAL_NERVOUS_SYSTEM,38,NA
ACH-000446,12,NA,KPNSI9S_AUTONOMIC_GANGLIA,NA,NA
ACH-000447,24,TRUE,NCIH2228_LUNG,NA,88.8
ACH-000448,17,NA,NCIH1666_LUNG,42,258.6
ACH-000449,2,FALSE,MESSA_SOFT_TISSUE,NA,35.3
ACH-000450,18,NA,MELHO_SKIN,48,35.9
ACH-000451,30,TRUE,NCIH2085_LUNG,NA,98.9
ACH-000452,24,TRUE,TE8_OESOPHAGUS,50,NA
ACH-000453,11,NA,MOLP2_HAEMATOPOIETIC_AND_LYMPHOID_TISSUE,NA,310.4
ACH-000454,29,TRUE,HCC95_LUNG,80,NA
ACH-000456,18,NA,BCPAP_THYROID,NA,36.2
ACH-000457,15,NA,CAL54_KIDNEY,46,NA
ACH-000458,14,NA,CJM_SKIN,30,NA
ACH-000459,12,NA,TUHR10TKB_KIDNEY,89,NA
ACH-000460,28,TRUE,SNU8_OVARY,60,143.9
ACH-000461,31,TRUE,SNU1196_BILIARY_TRACT,NA,NA
ACH-000462,1,FALSE,NALM1_HAEMATOPOIETIC_AND_LYMPHOID_TISSUE,NA,NA
ACH-000463,21,NA,NCIH460_LUNG,26,25.5
ACH-000464,13,NA,CAS1_CENTRAL_NERVOUS_SYSTEM,60,79.5
ACH-000465,20,NA,SKMEL1_SKIN,NA,NA
ACH-000466,15,NA,SNU216_STOMACH,96,NA
ACH-000467,22,TRUE,HCC56_LARGE_INTESTINE,NA,NA
ACH-000468,11,NA,PK45H_PANCREAS,NA,67.4
ACH-000469,9,NA,YH13_CENTRAL_NERVOUS_SYSTEM,NA,77.1
ACH-000470,21,NA,SW1463_LARGE_INTESTINE,NA,70.3
ACH-000471,23,TRUE,LI7_LIVER,NA,NA
ACH-000472,25,TRUE,HSC2_UPPER_AERODIGESTIVE_TRACT,45,37.7
ACH-000473,12,NA,RT112_URINARY_TRACT,25,36.1
ACH-000475,17,NA,HUH1_LIVER,53,151.3
ACH-000476,22,TRUE,JHH4_LIVER,NA,85.2
ACH-000477,7,FALSE,MALME3M_SKIN,NA,122.9
ACH-000478,25,TRUE,SNU387_LIVER,NA,87
ACH-000479,6,FALSE,KNS81_CENTRAL_NERVOUS_SYSTEM,110,70
ACH-000480,26,TRUE,HUH7_LIVER,NA,NA
ACH-000481,24,TRUE,NCIH2170_LUNG,40,68.7
ACH-000482,18,NA,RERFLCKJ_LUNG,NA,56.5
ACH-000483,20,NA,SNU182_LIVER,NA,NA
ACH-000484,14,NA,VMRCRCW_KIDNEY,NA,NA
ACH-000485,29,TRUE,GSU_STOMACH,55,NA
ACH-000486,14,NA,KU1919_URINARY_TRACT,NA,35.1
ACH-000487,8,NA,F36P_HAEMATOPOIETIC_AND_LYMPHOID_TISSUE,55,NA
ACH-000488,19,NA,TE11_OESOPHAGUS,30,NA
ACH-000489,24,TRUE,SW1116_LARGE_INTESTINE,NA,123.2
ACH-000491,29,TRUE,NCIH716_LARGE_INTESTINE,73,NA
ACH-000492,0,FALSE,MUTZ5_HAEMATOPOIETIC_AND_LYMPHOID_TISSUE,NA,279.2
ACH-000493,33,TRUE,SNU423_LIVER,NA,NA
ACH-000495,19,NA,TUHR4TKB_KIDNEY,59,88.4
ACH-000496,16,NA,NCIH1792_LUNG,45,31.2
ACH-000498,6,FALSE,KO52_HAEMATOPOIETIC_AND_LYMPHOID_TISSUE,NA,NA
ACH-000499,20,NA,EW8_BONE,30,NA
ACH-000500,25,TRUE,SNU46_UPPER_AERODIGESTIVE_TRACT,NA,80.3
ACH-000501,26,TRUE,LS123_LARGE_INTESTINE,NA,NA
ACH-000502,34,TRUE,TCCPAN2_PANCREAS,NA,83.3
ACH-000503,22,TRUE,BICR16_UPPER_AERODIGESTIVE_TRACT,NA,85.6
ACH-000505,33,TRUE,RKN_SOFT_TISSUE,65,NA
ACH-000506,20,NA,NCIH146_LUNG,82,123.4
ACH-000507,23,TRUE,KE39_STOMACH,50,92
ACH-000508,13,NA,CORL88_LUNG,100,NA
ACH-000509,11,NA,HUT78_HAEMATOPOIETIC_AND_LYMPHOID_TISSUE,NA,NA
ACH-000510,27,TRUE,NCIH1299_LUNG,24,47.4
ACH-000511,20,NA,CALU1_LUNG,37,NA
ACH-000513,8,NA,SNU1272_KIDNEY,NA,NA
ACH-000514,21,NA,NCIH1092_LUNG,NA,107.4
ACH-000515,21,NA,HCC33_LUNG,90,93.7
ACH-000516,35,TRUE,CAL78_BONE,NA,117.7
ACH-000517,24,TRUE,SNU410_PANCREAS,NA,NA
ACH-000518,10,NA,CAL33_UPPER_AERODIGESTIVE_TRACT,33,24.8
ACH-000519,5,FALSE,PEER_HAEMATOPOIETIC_AND_LYMPHOID_TISSUE,NA,NA
ACH-000520,27,TRUE,59M_OVARY,NA,NA
ACH-000521,15,NA,NCIH2030_LUNG,65,57.4
ACH-000522,24,TRUE,UMUC3_URINARY_TRACT,NA,386.7
ACH-000523,23,TRUE,NCIH1184_LUNG,NA,151.7
ACH-000524,30,TRUE,KURAMOCHI_OVARY,82,NA
ACH-000525,13,NA,NCIH2171_LUNG,40,86.1
ACH-000526,2,FALSE,HS821T_FIBROBLAST,NA,NA
ACH-000527,23,TRUE,OVISE_OVARY,48,58.5
ACH-000528,32,TRUE,ABC1_LUNG,81,40.12291
ACH-000529,0,FALSE,T173_FIBROBLAST,NA,121.2
ACH-000530,24,TRUE,DMS114_LUNG,60,77.7
ACH-000532,26,TRUE,SNU61_LARGE_INTESTINE,NA,NA
ACH-000534,3,FALSE,WSUDLCL2_HAEMATOPOIETIC_AND_LYMPHOID_TISSUE,NA,49.3
ACH-000535,23,TRUE,BXPC3_PANCREAS,48,NA
ACH-000536,25,TRUE,BT20_BREAST,70,NA
ACH-000537,15,NA,SNU761_LIVER,NA,NA
ACH-000538,0,FALSE,HUTU80_SMALL_INTESTINE,26,NA
ACH-000539,0,FALSE,HS618T_FIBROBLAST,NA,30
ACH-000540,0,FALSE,HS606T_FIBROBLAST,NA,365
ACH-000541,13,NA,KMS34_HAEMATOPOIETIC_AND_LYMPHOID_TISSUE,NA,85.9
ACH-000542,5,FALSE,HEYA8_OVARY,16,NA
ACH-000543,13,NA,SNU489_CENTRAL_NERVOUS_SYSTEM,NA,NA
ACH-000544,25,TRUE,OE21_OESOPHAGUS,NA,59
ACH-000545,5,FALSE,VMCUB1_URINARY_TRACT,NA,63.3
ACH-000546,28,TRUE,HSC4_UPPER_AERODIGESTIVE_TRACT,NA,NA
ACH-000547,20,NA,HT1197_URINARY_TRACT,46,NA
ACH-000548,21,NA,BHY_UPPER_AERODIGESTIVE_TRACT,100,67.6
ACH-000549,27,TRUE,SNU1076_UPPER_AERODIGESTIVE_TRACT,46,NA
ACH-000550,18,NA,IGR39_SKIN,34,40.2
ACH-000551,15,NA,K562_HAEMATOPOIETIC_AND_LYMPHOID_TISSUE,47,53.2
ACH-000552,18,NA,HT29_LARGE_INTESTINE,24,NA
ACH-000553,20,NA,SQ1_LUNG,NA,63.9
ACH-000554,29,TRUE,UACC893_BREAST,NA,NA
ACH-000555,24,TRUE,A498_KIDNEY,NA,53.6
ACH-000557,8,NA,AML193_HAEMATOPOIETIC_AND_LYMPHOID_TISSUE,65,80.3
ACH-000558,4,FALSE,A172_CENTRAL_NERVOUS_SYSTEM,40,67.5
ACH-000559,18,NA,NCIH1836_LUNG,96,183.9
ACH-000560,21,NA,ECC10_STOMACH,96,NA
ACH-000561,28,TRUE,TT_OESOPHAGUS,40,51.8
ACH-000562,7,FALSE,HCC78_LUNG,NA,33
ACH-000563,25,TRUE,EBC1_LUNG,42,80.5
ACH-000564,15,NA,KHM1B_HAEMATOPOIETIC_AND_LYMPHOID_TISSUE,NA,112.8
ACH-000565,18,NA,RCM1_LARGE_INTESTINE,NA,68.5
ACH-000566,6,FALSE,SW1710_URINARY_TRACT,NA,46.1
ACH-000567,2,FALSE,ST486_HAEMATOPOIETIC_AND_LYMPHOID_TISSUE,NA,NA
ACH-000568,23,TRUE,UACC812_BREAST,120,219.2
ACH-000569,19,NA,ISTMES1_PLEURA,NA,NA
ACH-000570,20,NA,YKG1_CENTRAL_NERVOUS_SYSTEM,28,NA
ACH-000571,14,NA,T98G_CENTRAL_NERVOUS_SYSTEM,50,37
ACH-000572,28,TRUE,G361_SKIN,50,45.2
ACH-000573,20,NA,MDAMB436_BREAST,65,58.6
ACH-000574,22,TRUE,FUOV1_OVARY,NA,NA
ACH-000575,18,NA,HCC364_LUNG,24,NA
ACH-000576,7,FALSE,KMS27_HAEMATOPOIETIC_AND_LYMPHOID_TISSUE,108,73.2
ACH-000577,22,TRUE,JHH2_LIVER,NA,99.1
ACH-000578,25,TRUE,HCC1171_LUNG,NA,NA
ACH-000579,30,TRUE,UACC257_SKIN,45,40.9
ACH-000580,5,FALSE,C32_SKIN,53,59
ACH-000581,22,TRUE,SNU16_STOMACH,NA,NA
ACH-000582,17,NA,COLO741_SKIN,30,NA
ACH-000583,3,FALSE,MC116_HAEMATOPOIETIC_AND_LYMPHOID_TISSUE,NA,44.4
ACH-000584,20,NA,JHOS4_OVARY,NA,127.3
ACH-000585,26,TRUE,EPLC272H_LUNG,98,79.1
ACH-000586,28,TRUE,NCIH1876_LUNG,100,72.5
ACH-000587,23,TRUE,NCIH1975_LUNG,28,52.6
ACH-000588,26,TRUE,KMS26_HAEMATOPOIETIC_AND_LYMPHOID_TISSUE,NA,33.2
ACH-000589,21,NA,NCIH1437_LUNG,44,48.6
ACH-000590,32,TRUE,NCIH2073_LUNG,NA,152.5
ACH-000591,21,NA,LN235_CENTRAL_NERVOUS_SYSTEM,37,NA
ACH-000592,20,NA,TM31_CENTRAL_NERVOUS_SYSTEM,NA,NA
ACH-000593,22,TRUE,BC3C_URINARY_TRACT,NA,40.7
ACH-000594,13,NA,DMS153_LUNG,NA,63.5
ACH-000595,26,TRUE,LN229_CENTRAL_NERVOUS_SYSTEM,31,NA
ACH-000596,22,TRUE,LCLC97TM1_LUNG,47,NA
ACH-000598,14,NA,KMS21BM_HAEMATOPOIETIC_AND_LYMPHOID_TISSUE,NA,NA
ACH-000599,26,TRUE,PATU8902_PANCREAS,NA,57.6
ACH-000600,20,NA,SLR26_KIDNEY,55,NA
ACH-000601,17,NA,MIAPACA2_PANCREAS,26,NA
ACH-000602,0,FALSE,M07E_HAEMATOPOIETIC_AND_LYMPHOID_TISSUE,NA,NA
ACH-000603,31,TRUE,BEN_LUNG,NA,58.8
ACH-000604,13,NA,KYO1_HAEMATOPOIETIC_AND_LYMPHOID_TISSUE,NA,65.8
ACH-000605,27,TRUE,TE6_OESOPHAGUS,48,NA
ACH-000606,16,NA,PECAPJ34CLONEC12_UPPER_AERODIGESTIVE_TRACT,42,NA
ACH-000607,2,FALSE,KYM1_SOFT_TISSUE,NA,NA
ACH-000608,24,TRUE,COV644_OVARY,188,190
ACH-000609,6,FALSE,SF126_CENTRAL_NERVOUS_SYSTEM,35,NA
ACH-000610,23,TRUE,NCIH2227_LUNG,NA,187.6
ACH-000611,6,FALSE,SUDHL6_HAEMATOPOIETIC_AND_LYMPHOID_TISSUE,NA,48
ACH-000612,0,FALSE,HUT102_HAEMATOPOIETIC_AND_LYMPHOID_TISSUE,NA,NA
ACH-000613,9,NA,HOS_BONE,NA,NA
ACH-000614,14,NA,RVH421_SKIN,40,49.5
ACH-000615,25,TRUE,SKMEL28_SKIN,NA,NA
ACH-000616,29,TRUE,HS746T_STOMACH,NA,NA
ACH-000617,27,TRUE,OVCAR4_OVARY,43,NA
ACH-000619,24,TRUE,PECAPJ15_UPPER_AERODIGESTIVE_TRACT,NA,NA
ACH-000620,26,TRUE,JHH1_LIVER,48,130
ACH-000621,17,NA,MDAMB157_BREAST,133,106.4
ACH-000622,21,NA,KNS42_CENTRAL_NERVOUS_SYSTEM,NA,79.7
ACH-000623,27,TRUE,SNU201_CENTRAL_NERVOUS_SYSTEM,NA,NA
ACH-000624,16,NA,HCC1806_BREAST,35,NA
ACH-000625,21,NA,HEP3B217_LIVER,107,NA
ACH-000626,10,NA,U266B1_HAEMATOPOIETIC_AND_LYMPHOID_TISSUE,NA,198.1
ACH-000627,14,NA,LCLC103H_LUNG,55,NA
ACH-000628,23,TRUE,NCIH596_LUNG,NA,156.9
ACH-000630,24,TRUE,YD8_UPPER_AERODIGESTIVE_TRACT,60,NA
ACH-000631,8,NA,KS1_CENTRAL_NERVOUS_SYSTEM,NA,NA
ACH-000632,21,NA,HS944T_SKIN,30,NA
ACH-000633,35,TRUE,FU97_STOMACH,55,48.5
ACH-000634,30,TRUE,LN340_CENTRAL_NERVOUS_SYSTEM,30,NA
ACH-000635,27,TRUE,SNU119_OVARY,NA,NA
ACH-000636,5,FALSE,RPMI8402_HAEMATOPOIETIC_AND_LYMPHOID_TISSUE,NA,51.7
ACH-000637,24,TRUE,KYSE520_OESOPHAGUS,43,121.8
ACH-000638,19,NA,NCIH441_LUNG,80,279
ACH-000639,14,NA,NCIH211_LUNG,58,176
ACH-000640,25,TRUE,SKMEL31_SKIN,NA,NA
ACH-000641,13,NA,CMK_HAEMATOPOIETIC_AND_LYMPHOID_TISSUE,NA,37.6
ACH-000643,34,TRUE,HDQP1_BREAST,NA,63
ACH-000644,22,TRUE,COLO829_SKIN,42,126.9
ACH-000645,7,FALSE,JL1_PLEURA,NA,63.1
ACH-000646,27,TRUE,OVMANA_OVARY,NA,NA
ACH-000647,26,TRUE,TE1_OESOPHAGUS,54,94.3
ACH-000648,22,TRUE,NCIH28_PLEURA,NA,81.2
ACH-000649,24,TRUE,786O_KIDNEY,24,NA
ACH-000650,13,NA,IGR37_SKIN,NA,39.4
ACH-000651,10,NA,SW620_LARGE_INTESTINE,65,20.9
ACH-000652,21,NA,SUIT2_PANCREAS,NA,40.6
ACH-000653,20,NA,JJN3_HAEMATOPOIETIC_AND_LYMPHOID_TISSUE,24,NA
ACH-000654,0,FALSE,RAJI_HAEMATOPOIETIC_AND_LYMPHOID_TISSUE,NA,NA
ACH-000656,7,FALSE,SUDHL8_HAEMATOPOIETIC_AND_LYMPHOID_TISSUE,NA,NA
ACH-000657,2,FALSE,A2780_OVARY,NA,73.3
ACH-000659,10,NA,SCLC21H_LUNG,NA,NA
ACH-000660,2,FALSE,SUDHL5_HAEMATOPOIETIC_AND_LYMPHOID_TISSUE,NA,NA
ACH-000661,25,TRUE,WM1799_SKIN,47,50.3
ACH-000662,9,NA,CORL23_LUNG,35,33.4
ACH-000663,24,TRUE,OVTOKO_OVARY,200,46.4
ACH-000664,16,NA,SUDHL1_HAEMATOPOIETIC_AND_LYMPHOID_TISSUE,NA,NA
ACH-000665,23,TRUE,SKMES1_LUNG,57,NA
ACH-000666,17,NA,NCIH1355_LUNG,110,157.4
ACH-000667,32,TRUE,HCC44_LUNG,29,33
ACH-000668,36,TRUE,HCC70_BREAST,93,NA
ACH-000669,25,TRUE,SW900_LUNG,NA,NA
ACH-000670,19,NA,SBC5_LUNG,NA,44.01717
ACH-000671,15,NA,HUH6_LIVER,NA,NA
ACH-000672,15,NA,IALM_LUNG,117,143.2
ACH-000673,25,TRUE,LN443_CENTRAL_NERVOUS_SYSTEM,24,NA
ACH-000674,14,NA,NUGC4_STOMACH,NA,NA
ACH-000675,25,TRUE,NCIH1734_LUNG,NA,NA
ACH-000677,27,TRUE,SW1573_LUNG,88,41.9
ACH-000678,22,TRUE,MKN7_STOMACH,86,NA
ACH-000679,26,TRUE,OE19_OESOPHAGUS,NA,78.3
ACH-000680,22,TRUE,SW948_LARGE_INTESTINE,NA,NA
ACH-000681,23,TRUE,A549_LUNG,22,54
ACH-000683,26,TRUE,SNU503_LARGE_INTESTINE,NA,137.5
ACH-000684,6,FALSE,KMRC1_KIDNEY,53,46.4
ACH-000685,8,NA,L33_PANCREAS,35,37.3
ACH-000686,29,TRUE,SNU878_LIVER,NA,150.3
ACH-000687,0,FALSE,CI1_HAEMATOPOIETIC_AND_LYMPHOID_TISSUE,NA,NA
ACH-000688,8,NA,OV7_OVARY,50,58.2
ACH-000689,24,TRUE,RH18_SOFT_TISSUE,NA,NA
ACH-000690,27,TRUE,HCC2814_LUNG,24,NA
ACH-000691,30,TRUE,HCC2157_BREAST,NA,NA
ACH-000692,25,TRUE,SNU899_UPPER_AERODIGESTIVE_TRACT,NA,NA
ACH-000693,27,TRUE,KYSE180_OESOPHAGUS,34,34.1
ACH-000694,24,TRUE,TE9_OESOPHAGUS,25,106.5
ACH-000695,9,NA,CORL47_LUNG,NA,77.5
ACH-000696,28,TRUE,OVCAR8_OVARY,25,NA
ACH-000697,3,FALSE,A3KAW_HAEMATOPOIETIC_AND_LYMPHOID_TISSUE,30,40
ACH-000698,24,TRUE,DMS53_LUNG,68,450
ACH-000699,14,NA,HCC1395_BREAST,72,107.3
ACH-000701,15,NA,RMUGS_OVARY,75,NA
ACH-000702,20,NA,L1236_HAEMATOPOIETIC_AND_LYMPHOID_TISSUE,NA,89.9
ACH-000703,21,NA,DMS79_LUNG,NA,244
ACH-000704,24,TRUE,OAW42_OVARY,35,50
ACH-000705,33,TRUE,LC1F_LUNG,NA,NA
ACH-000707,0,FALSE,P3HR1_HAEMATOPOIETIC_AND_LYMPHOID_TISSUE,NA,NA
ACH-000708,11,NA,SNU283_LARGE_INTESTINE,NA,NA
ACH-000709,5,FALSE,KMRC2_KIDNEY,113,113.3
ACH-000710,21,NA,NCIH854_LUNG,170,NA
ACH-000711,24,TRUE,JIMT1_BREAST,NA,NA
ACH-000713,18,NA,CAOV3_OVARY,68,NA
ACH-000714,23,TRUE,KMS11_HAEMATOPOIETIC_AND_LYMPHOID_TISSUE,NA,82.2
ACH-000715,8,NA,SNU1214_UPPER_AERODIGESTIVE_TRACT,NA,NA
ACH-000716,16,NA,TT2609C02_THYROID,NA,NA
ACH-000717,22,TRUE,COLO680N_OESOPHAGUS,69,NA
ACH-000718,23,TRUE,NCIH2291_LUNG,150,NA
ACH-000719,6,FALSE,RMGI_OVARY,40,NA
ACH-000720,18,NA,TCCSUP_URINARY_TRACT,46,NA
ACH-000721,26,TRUE,HMC18_BREAST,NA,63.3
ACH-000722,18,NA,SNUC1_LARGE_INTESTINE,31,NA
ACH-000723,21,NA,YD10B_UPPER_AERODIGESTIVE_TRACT,NA,NA
ACH-000724,23,TRUE,HT1376_URINARY_TRACT,NA,NA
ACH-000725,28,TRUE,HCC202_BREAST,160,261.1
ACH-000726,18,NA,TE14_OESOPHAGUS,NA,NA
ACH-000727,14,NA,NCIH2066_LUNG,210,80.3
ACH-000728,4,FALSE,KASUMI2_HAEMATOPOIETIC_AND_LYMPHOID_TISSUE,NA,48.5
ACH-000729,10,NA,NCIH1963_LUNG,NA,NA
ACH-000730,25,TRUE,SKMEL5_SKIN,70,NA
ACH-000731,25,TRUE,HCC2279_LUNG,NA,NA
ACH-000732,9,NA,PECAPJ41CLONED2_UPPER_AERODIGESTIVE_TRACT,NA,NA
ACH-000733,25,TRUE,NCIH1838_LUNG,NA,72
ACH-000734,14,NA,JHH5_LIVER,48,40.3
ACH-000735,9,NA,PECAPJ49_UPPER_AERODIGESTIVE_TRACT,41,54.5
ACH-000736,12,NA,SNU601_STOMACH,44,NA
ACH-000737,32,TRUE,NCIH1385_LUNG,NA,NA
ACH-000738,18,NA,GB1_CENTRAL_NERVOUS_SYSTEM,36,NA
ACH-000739,8,NA,HEPG2_LIVER,NA,40.7
ACH-000740,23,TRUE,A253_SALIVARY_GLAND,NA,47.3
ACH-000742,0,FALSE,DM3_FIBROBLAST,NA,NA
ACH-000743,16,NA,CORL95_LUNG,NA,123.4
ACH-000744,23,TRUE,NCIH1623_LUNG,72,189.6
ACH-000745,2,FALSE,MOLP8_HAEMATOPOIETIC_AND_LYMPHOID_TISSUE,NA,NA
ACH-000746,23,TRUE,GSS_STOMACH,32,NA
ACH-000747,16,NA,NCIH1703_LUNG,52,41.1
ACH-000748,4,FALSE,SJSA1_BONE,31,98.2
ACH-000749,18,NA,DMS273_LUNG,34,NA
ACH-000750,17,NA,LOXIMVI_SKIN,59,29.3
ACH-000751,16,NA,OCIM1_HAEMATOPOIETIC_AND_LYMPHOID_TISSUE,NA,NA
ACH-000752,15,NA,NCIH196_LUNG,64,75.3
ACH-000753,16,NA,JMSU1_URINARY_TRACT,NA,136.6
ACH-000754,8,NA,L428_HAEMATOPOIETIC_AND_LYMPHOID_TISSUE,NA,NA
ACH-000755,14,NA,HCC2218_BREAST,120,147.7
ACH-000756,11,NA,GI1_CENTRAL_NERVOUS_SYSTEM,NA,35.1
ACH-000758,14,NA,MKN74_STOMACH,NA,NA
ACH-000759,12,NA,MDAMB175VII_BREAST,75,133.7
ACH-000760,16,NA,LNZ308_CENTRAL_NERVOUS_SYSTEM,40,NA
ACH-000761,32,TRUE,NUGC2_STOMACH,NA,NA
ACH-000762,14,NA,YD38_UPPER_AERODIGESTIVE_TRACT,45,NA
ACH-000763,5,FALSE,MM1S_HAEMATOPOIETIC_AND_LYMPHOID_TISSUE,96,35.9
ACH-000764,28,TRUE,SH10TC_STOMACH,NA,66
ACH-000765,25,TRUE,WM983B_SKIN,40,NA
ACH-000766,16,NA,NCIH1648_LUNG,250,202.6
ACH-000767,23,TRUE,NCIH526_LUNG,400,315
ACH-000768,17,NA,MDAMB231_BREAST,48,67.9
ACH-000769,3,FALSE,LK2_LUNG,32,71
ACH-000770,6,FALSE,P31FUJ_HAEMATOPOIETIC_AND_LYMPHOID_TISSUE,NA,NA
ACH-000771,7,FALSE,BICR56_UPPER_AERODIGESTIVE_TRACT,45,142.7
ACH-000772,2,FALSE,TE441T_SOFT_TISSUE,NA,257.6
ACH-000773,10,NA,KIJK_HAEMATOPOIETIC_AND_LYMPHOID_TISSUE,NA,NA
ACH-000774,29,TRUE,RERFLCAD2_LUNG,130,70.1
ACH-000775,23,TRUE,NCIH727_LUNG,70,65.6
ACH-000776,26,TRUE,ONS76_CENTRAL_NERVOUS_SYSTEM,NA,NA
ACH-000777,15,NA,KYSE30_OESOPHAGUS,22,NA
ACH-000778,19,NA,HSC3_UPPER_AERODIGESTIVE_TRACT,55,74.6
ACH-000780,15,NA,NCIH1105_LUNG,33,261.8
ACH-000781,21,NA,NCIH2023_LUNG,48,NA
ACH-000782,2,FALSE,SEM_HAEMATOPOIETIC_AND_LYMPHOID_TISSUE,24,121.5
ACH-000783,11,NA,CAMA1_BREAST,NA,114.8
ACH-000784,23,TRUE,KYSE70_OESOPHAGUS,32,62
ACH-000785,18,NA,NCIH2126_LUNG,85,423.2
ACH-000786,1,FALSE,DAUDI_HAEMATOPOIETIC_AND_LYMPHOID_TISSUE,NA,NA
ACH-000787,17,NA,LXF289_LUNG,54,63.2
ACH-000788,8,NA,A2058_SKIN,27,NA
ACH-000789,28,TRUE,NCIH810_LUNG,NA,NA
ACH-000790,14,NA,SHP77_LUNG,68,61.6
ACH-000791,19,NA,RERFLCAD1_LUNG,NA,194.7
ACH-000792,8,NA,BFTC909_KIDNEY,34,40
ACH-000793,24,TRUE,KATOIII_STOMACH,77,48.7
ACH-000794,8,NA,BICR22_UPPER_AERODIGESTIVE_TRACT,56,66
ACH-000795,2,FALSE,MOLT13_HAEMATOPOIETIC_AND_LYMPHOID_TISSUE,NA,305.5
ACH-000796,6,FALSE,MCAS_OVARY,NA,30
ACH-000797,0,FALSE,HLFA_FIBROBLAST,NA,NA
ACH-000798,3,FALSE,CL40_LARGE_INTESTINE,NA,NA
ACH-000799,27,TRUE,HS695T_SKIN,NA,148.6
ACH-000800,20,NA,NCIH446_LUNG,NA,294
ACH-000802,20,NA,BFTC905_URINARY_TRACT,NA,38.3
ACH-000803,22,TRUE,COLO668_LUNG,NA,NA
ACH-000804,6,FALSE,NB1_AUTONOMIC_GANGLIA,NA,37.5
ACH-000805,9,NA,COLO679_SKIN,66,69.3
ACH-000806,17,NA,L540_HAEMATOPOIETIC_AND_LYMPHOID_TISSUE,NA,NA
ACH-000807,24,TRUE,SNU738_CENTRAL_NERVOUS_SYSTEM,NA,NA
ACH-000808,14,NA,HUH28_BILIARY_TRACT,NA,90.5
ACH-000809,11,NA,KYSE410_OESOPHAGUS,NA,17.4
ACH-000810,18,NA,SKMEL30_SKIN,NA,41.6
ACH-000811,5,FALSE,SKOV3_OVARY,75,NA
ACH-000812,19,NA,COLO783_SKIN,48,110.4
ACH-000813,7,FALSE,T3M10_LUNG,NA,NA
ACH-000815,18,NA,KMH2_HAEMATOPOIETIC_AND_LYMPHOID_TISSUE,NA,NA
ACH-000816,13,NA,NCIH524_LUNG,NA,425
ACH-000817,27,TRUE,RPMI8226_HAEMATOPOIETIC_AND_LYMPHOID_TISSUE,NA,76.6
ACH-000818,19,NA,BT483_BREAST,NA,206.3
ACH-000819,23,TRUE,LN18_CENTRAL_NERVOUS_SYSTEM,36,47.4
ACH-000820,21,NA,SW403_LARGE_INTESTINE,NA,NA
ACH-000821,24,TRUE,EJM_HAEMATOPOIETIC_AND_LYMPHOID_TISSUE,NA,220.4
ACH-000822,8,NA,SKMEL24_SKIN,NA,110.8
ACH-000823,21,NA,KYSE140_OESOPHAGUS,32,27.5
ACH-000824,24,TRUE,KYSE510_OESOPHAGUS,30,NA
ACH-000826,27,TRUE,CAL12T_LUNG,43,NA
ACH-000827,7,FALSE,WM793_SKIN,42,37.7
ACH-000828,13,NA,ZR7530_BREAST,60,NA
ACH-000829,1,FALSE,HUNS1_HAEMATOPOIETIC_AND_LYMPHOID_TISSUE,NA,NA
ACH-000830,5,FALSE,NCIH1436_LUNG,NA,56.2
ACH-000831,10,NA,HEC50B_ENDOMETRIUM,42,NA
ACH-000832,8,NA,CAL27_UPPER_AERODIGESTIVE_TRACT,36,29.3
ACH-000833,30,TRUE,RH30_SOFT_TISSUE,42,NA
ACH-000834,20,NA,UMUC1_URINARY_TRACT,NA,163.8
ACH-000835,16,NA,GCT_SOFT_TISSUE,NA,64.6
ACH-000836,18,NA,YD15_SALIVARY_GLAND,NA,NA
ACH-000837,14,NA,NCIH322_LUNG,58,60.7
ACH-000838,4,FALSE,AMO1_HAEMATOPOIETIC_AND_LYMPHOID_TISSUE,55,57.8
ACH-000839,19,NA,SCABER_URINARY_TRACT,NA,52.6
ACH-000840,16,NA,HCC366_LUNG,800,176
ACH-000841,24,TRUE,NCIH2087_LUNG,75,104.2
ACH-000842,24,TRUE,SW480_LARGE_INTESTINE,24,56.4
ACH-000843,23,TRUE,HARA_LUNG,NA,63.7
ACH-000844,24,TRUE,DMS454_LUNG,NA,121.8
ACH-000845,25,TRUE,NCIH1373_LUNG,63,46.3
ACH-000846,20,NA,FADU_UPPER_AERODIGESTIVE_TRACT,40,33.3
ACH-000847,15,NA,HGC27_STOMACH,32,NA
ACH-000848,18,NA,JHH7_LIVER,NA,NA
ACH-000849,22,TRUE,MDAMB468_BREAST,51,63.5
ACH-000850,0,FALSE,HS698T_FIBROBLAST,NA,NA
ACH-000851,6,FALSE,MORCPR_LUNG,40,NA
ACH-000852,18,NA,NCIH1435_LUNG,NA,81.4
ACH-000853,12,NA,NCIH661_LUNG,61,59.5
ACH-000855,14,NA,KYSE150_OESOPHAGUS,23,40
ACH-000856,0,FALSE,CAL51_BREAST,24,26.8
ACH-000857,27,TRUE,CAL851_BREAST,NA,58.4
ACH-000858,24,TRUE,KNS62_LUNG,46,59.2
ACH-000859,30,TRUE,HCC1954_BREAST,45,NA
ACH-000860,24,TRUE,NCIH358_LUNG,45,73.9
ACH-000862,14,NA,KMBC2_URINARY_TRACT,NA,137.9
ACH-000863,27,TRUE,DBTRG05MG_CENTRAL_NERVOUS_SYSTEM,54,54.2
ACH-000864,10,NA,COLO684_ENDOMETRIUM,155,NA
ACH-000865,19,NA,KYSE450_OESOPHAGUS,23,NA
ACH-000866,3,FALSE,NCIH1048_LUNG,76,42.7
ACH-000867,16,NA,CHAGOK1_LUNG,61,NA
ACH-000868,19,NA,HCC1195_LUNG,NA,NA
ACH-000869,29,TRUE,NCIH1568_LUNG,107,67
ACH-000870,22,TRUE,NCIH1930_LUNG,NA,NA
ACH-000871,21,NA,NCIH510_LUNG,NA,979
ACH-000873,12,NA,KYSE270_OESOPHAGUS,NA,153.6
ACH-000874,4,FALSE,RS411_HAEMATOPOIETIC_AND_LYMPHOID_TISSUE,60,181.7
ACH-000875,10,NA,NCIH2347_LUNG,NA,181.8
ACH-000876,15,NA,MDAMB415_BREAST,125,184.8
ACH-000877,0,FALSE,EB1_HAEMATOPOIETIC_AND_LYMPHOID_TISSUE,NA,89.8
ACH-000878,14,NA,HCC15_LUNG,45,51.7
ACH-000879,0,FALSE,MFE296_ENDOMETRIUM,NA,45.07
ACH-000880,6,FALSE,AGS_STOMACH,22,NA
ACH-000881,11,NA,MELJUSO_SKIN,34,36.4
ACH-000882,18,NA,IGR1_SKIN,54,46.3
ACH-000883,7,FALSE,SW1783_CENTRAL_NERVOUS_SYSTEM,55,NA
ACH-000884,21,NA,MDAMB435S_SKIN,53,42
ACH-000885,2,FALSE,TOV21G_OVARY,27,44.1
ACH-000886,9,NA,NCIH2009_LUNG,55,53.7
ACH-000888,19,NA,NCIH1793_LUNG,NA,98.1
ACH-000889,15,NA,KMM1_HAEMATOPOIETIC_AND_LYMPHOID_TISSUE,65,NA
ACH-000890,21,NA,SW1271_LUNG,46,NA
ACH-000892,24,TRUE,NCIH1563_LUNG,NA,165.5
ACH-000893,24,TRUE,NCIH1651_LUNG,NA,138.7
ACH-000894,31,TRUE,NCIH1869_LUNG,NA,207.3
ACH-000895,1,FALSE,CL34_LARGE_INTESTINE,NA,NA
ACH-000896,28,TRUE,647V_URINARY_TRACT,NA,92.4
ACH-000897,15,NA,FTC238_THYROID,NA,59
ACH-000898,10,NA,SNU719_STOMACH,66,NA
ACH-000899,16,NA,WM88_SKIN,65,NA
ACH-000900,27,TRUE,NCIH23_LUNG,35,58.6
ACH-000901,19,NA,HCC1359_LUNG,55,42.1
ACH-000902,9,NA,CAL148_BREAST,NA,60
ACH-000903,8,NA,FTC133_THYROID,NA,52
ACH-000904,24,TRUE,NCIH2106_LUNG,NA,NA
ACH-000905,21,NA,5637_URINARY_TRACT,NA,60.9
ACH-000906,13,NA,ES2_OVARY,29,25.8
ACH-000907,15,NA,SNU349_KIDNEY,96,46.5
ACH-000908,7,FALSE,SNU520_STOMACH,NA,NA
ACH-000909,4,FALSE,JHUEM2_ENDOMETRIUM,34,NA
ACH-000910,13,NA,MDAMB453_BREAST,38,NA
ACH-000911,13,NA,NUGC3_STOMACH,37,34.2
ACH-000912,9,NA,NCIH2286_LUNG,47,77.8
ACH-000913,1,FALSE,ESS1_ENDOMETRIUM,29,49.1
ACH-000914,2,FALSE,HT_HAEMATOPOIETIC_AND_LYMPHOID_TISSUE,NA,NA
ACH-000915,25,TRUE,IPC298_SKIN,48,29
ACH-000916,15,NA,NCIH1573_LUNG,NA,118.2
ACH-000917,31,TRUE,TE4_OESOPHAGUS,40,NA
ACH-000918,2,FALSE,MOLT16_HAEMATOPOIETIC_AND_LYMPHOID_TISSUE,NA,NA
ACH-000919,5,FALSE,IM95_STOMACH,78,40.2
ACH-000920,1,FALSE,CMLT1_HAEMATOPOIETIC_AND_LYMPHOID_TISSUE,NA,NA
ACH-000921,12,NA,NCIH1339_LUNG,100,83.3
ACH-000922,2,FALSE,RCHACV_HAEMATOPOIETIC_AND_LYMPHOID_TISSUE,NA,39.3
ACH-000923,4,FALSE,BCP1_HAEMATOPOIETIC_AND_LYMPHOID_TISSUE,NA,NA
ACH-000924,33,TRUE,NCIH2172_LUNG,NA,55
ACH-000925,2,FALSE,DV90_LUNG,NA,43.6
ACH-000926,11,NA,HT55_LARGE_INTESTINE,28,NA
ACH-000927,27,TRUE,BT474_BREAST,78,NA
ACH-000928,0,FALSE,JHUEM1_ENDOMETRIUM,NA,288.6
ACH-000929,27,TRUE,NCIH2110_LUNG,60,NA
ACH-000930,20,NA,HCC1569_BREAST,145,NA
ACH-000931,27,TRUE,HMCB_SKIN,NA,63.7
ACH-000932,2,FALSE,SNU1_STOMACH,NA,NA
ACH-000933,8,NA,SNU324_PANCREAS,NA,NA
ACH-000934,23,TRUE,MDAMB361_BREAST,112,168.2
ACH-000935,14,NA,MDST8_LARGE_INTESTINE,NA,40.9
ACH-000936,3,FALSE,EFO27_OVARY,29,NA
ACH-000937,1,FALSE,PF382_HAEMATOPOIETIC_AND_LYMPHOID_TISSUE,NA,NA
ACH-000938,0,FALSE,NALM6_HAEMATOPOIETIC_AND_LYMPHOID_TISSUE,25,NA
ACH-000939,1,FALSE,SKUT1_SOFT_TISSUE,NA,41.6
ACH-000940,7,FALSE,AN3CA_ENDOMETRIUM,NA,88.9
ACH-000941,6,FALSE,HEC1B_ENDOMETRIUM,NA,NA
ACH-000942,2,FALSE,HPBALL_HAEMATOPOIETIC_AND_LYMPHOID_TISSUE,NA,NA
ACH-000943,5,FALSE,RKO_LARGE_INTESTINE,21,25.6
ACH-000944,7,FALSE,NAMALWA_HAEMATOPOIETIC_AND_LYMPHOID_TISSUE,NA,54.1
ACH-000945,25,TRUE,NCIH650_LUNG,77,90.6
ACH-000946,0,FALSE,HEC265_ENDOMETRIUM,NA,NA
ACH-000947,3,FALSE,OVK18_OVARY,NA,49.7
ACH-000948,4,FALSE,2313287_STOMACH,41,97.6
ACH-000949,5,FALSE,TGBC11TKB_STOMACH,NA,NA
ACH-000950,7,FALSE,LOVO_LARGE_INTESTINE,52,NA
ACH-000951,27,TRUE,NCIH2342_LUNG,NA,324.8
ACH-000952,3,FALSE,MDAPCA2B_PROSTATE,240,NA
ACH-000953,1,FALSE,SUPT1_HAEMATOPOIETIC_AND_LYMPHOID_TISSUE,31,NA
ACH-000954,5,FALSE,HEC1A_ENDOMETRIUM,27,NA
ACH-000955,2,FALSE,SNU407_LARGE_INTESTINE,NA,NA
ACH-000956,6,FALSE,22RV1_PROSTATE,55,58.4
ACH-000957,0,FALSE,LS180_LARGE_INTESTINE,43,NA
ACH-000958,4,FALSE,SW48_LARGE_INTESTINE,33,NA
ACH-000959,0,FALSE,SNUC4_LARGE_INTESTINE,NA,NA
ACH-000960,0,FALSE,REH_HAEMATOPOIETIC_AND_LYMPHOID_TISSUE,30,62.7
ACH-000961,2,FALSE,ISHIKAWAHERAKLIO02ER_ENDOMETRIUM,NA,NA
ACH-000962,10,NA,OC314_OVARY,39,41.8
ACH-000963,4,FALSE,CCK81_LARGE_INTESTINE,NA,266.5
ACH-000965,3,FALSE,RL952_ENDOMETRIUM,49,NA
ACH-000966,0,FALSE,IGROV1_OVARY,30,43.3
ACH-000967,4,FALSE,SNUC2A_LARGE_INTESTINE,50,NA
ACH-000968,22,TRUE,COLO792_SKIN,NA,155.8
ACH-000969,7,FALSE,KM12_LARGE_INTESTINE,23,NA
ACH-000970,4,FALSE,SNUC5_LARGE_INTESTINE,NA,NA
ACH-000971,0,FALSE,HCT116_LARGE_INTESTINE,36,NA
ACH-000972,0,FALSE,HEC151_ENDOMETRIUM,NA,NA
ACH-000973,13,NA,639V_URINARY_TRACT,NA,35.8
ACH-000974,0,FALSE,SNGM_ENDOMETRIUM,NA,NA
ACH-000976,21,NA,HUCCT1_BILIARY_TRACT,NA,NA
ACH-000977,1,FALSE,LNCAPCLONEFGC_PROSTATE,53,53
ACH-000978,1,FALSE,EN_ENDOMETRIUM,72,93.9
ACH-000979,24,TRUE,DU145_PROSTATE,74,161
ACH-000980,4,FALSE,NCIH1155_LUNG,41,53
ACH-000981,0,FALSE,DND41_HAEMATOPOIETIC_AND_LYMPHOID_TISSUE,49,139.1
ACH-000982,0,FALSE,GP2D_LARGE_INTESTINE,27,77.1
ACH-000983,10,NA,KCL22_HAEMATOPOIETIC_AND_LYMPHOID_TISSUE,NA,NA
ACH-000984,4,FALSE,HEC6_ENDOMETRIUM,NA,NA
ACH-000985,17,NA,LS411N_LARGE_INTESTINE,23,69.9
ACH-000986,7,FALSE,HT115_LARGE_INTESTINE,NA,90.6
ACH-000987,3,FALSE,MEWO_SKIN,45,NA
ACH-000988,0,FALSE,MFE319_ENDOMETRIUM,NA,NA
ACH-000989,2,FALSE,SNU175_LARGE_INTESTINE,NA,NA
ACH-000990,13,NA,HEC108_ENDOMETRIUM,NA,63
ACH-000991,1,FALSE,SNU81_LARGE_INTESTINE,NA,NA
ACH-000992,24,TRUE,BICR18_UPPER_AERODIGESTIVE_TRACT,NA,NA
ACH-000993,1,FALSE,JHUEM7_ENDOMETRIUM,NA,112.7
ACH-000994,5,FALSE,HEC59_ENDOMETRIUM,42,NA
ACH-000996,1,FALSE,HEC251_ENDOMETRIUM,74,NA
ACH-000997,0,FALSE,HCT15_LARGE_INTESTINE,NA,36.2
ACH-000998,1,FALSE,CW2_LARGE_INTESTINE,NA,NA
ACH-000999,2,FALSE,SNU1040_LARGE_INTESTINE,NA,NA
ACH-001000,16,NA,1321N1_CENTRAL_NERVOUS_SYSTEM,NA,NA
ACH-001001,20,NA,143B_BONE,39,NA
ACH-001015,0,FALSE,AZ521_SMALL_INTESTINE,NA,NA
ACH-001016,19,NA,BECKER_CENTRAL_NERVOUS_SYSTEM,NA,67.8
ACH-001021,9,NA,C3A_LIVER,NA,NA
ACH-001023,18,NA,CGTHW1_THYROID,NA,31.6
ACH-001024,19,NA,CHL1_SKIN,NA,48.7
ACH-001036,17,NA,CMK115_HAEMATOPOIETIC_AND_LYMPHOID_TISSUE,NA,49.8
ACH-001037,8,NA,CMK86_HAEMATOPOIETIC_AND_LYMPHOID_TISSUE,NA,NA
ACH-001039,19,NA,COLO205_LARGE_INTESTINE,25,NA
ACH-001042,9,NA,COLO704_OVARY,26,88.3
ACH-001043,26,TRUE,COLO775_HAEMATOPOIETIC_AND_LYMPHOID_TISSUE,NA,NA
ACH-001044,25,TRUE,COLO818_SKIN,NA,NA
ACH-001045,24,TRUE,COLO849_SKIN,NA,NA
ACH-001047,5,FALSE,CORL51_LUNG,NA,NA
ACH-001048,17,NA,COV504_OVARY,50,NA
ACH-001049,10,NA,CPCN_LUNG,NA,NA
ACH-001061,0,FALSE,DLD1_LARGE_INTESTINE,33,NA
ACH-001063,14,NA,DOV13_OVARY,NA,29
ACH-001064,15,NA,EB2_HAEMATOPOIETIC_AND_LYMPHOID_TISSUE,NA,NA
ACH-001065,23,TRUE,EVSAT_BREAST,NA,NA
ACH-001067,2,FALSE,F5_CENTRAL_NERVOUS_SYSTEM,NA,NA
ACH-001072,19,NA,GRM_SKIN,NA,NA
ACH-001075,7,FALSE,NCIH292_LUNG,41,NA
ACH-001079,16,NA,HCC1897_LUNG,NA,NA
ACH-001088,15,NA,HLC1_LUNG,69,NA
ACH-001089,25,TRUE,HLE_LIVER,NA,NA
ACH-001090,19,NA,HN_UPPER_AERODIGESTIVE_TRACT,NA,NA
ACH-001091,1,FALSE,HRT18_LARGE_INTESTINE,NA,NA
ACH-001092,17,NA,HS571T_OVARY,NA,NA
ACH-001093,0,FALSE,HS604T_FIBROBLAST,NA,NA
ACH-001094,6,FALSE,HTK_HAEMATOPOIETIC_AND_LYMPHOID_TISSUE,NA,NA
ACH-001098,18,NA,KCIMOH1_PANCREAS,NA,NA
ACH-001101,26,TRUE,KLM1_PANCREAS,NA,NA
ACH-001106,0,FALSE,KOPN8_HAEMATOPOIETIC_AND_LYMPHOID_TISSUE,NA,NA
ACH-001113,28,TRUE,LC1SQSF_LUNG,59,126.9
ACH-001121,22,TRUE,MEC2_HAEMATOPOIETIC_AND_LYMPHOID_TISSUE,NA,NA
ACH-001125,19,NA,MOGGCCM_CENTRAL_NERVOUS_SYSTEM,NA,NA
ACH-001126,9,NA,MOGGUVW_CENTRAL_NERVOUS_SYSTEM,NA,NA
ACH-001127,15,NA,MOLT4_HAEMATOPOIETIC_AND_LYMPHOID_TISSUE,NA,NA
ACH-001129,8,NA,MONOMAC1_HAEMATOPOIETIC_AND_LYMPHOID_TISSUE,32,77.9
ACH-001130,4,FALSE,MOTN1_HAEMATOPOIETIC_AND_LYMPHOID_TISSUE,NA,NA
ACH-001138,23,TRUE,NCIH2141_LUNG,NA,136
ACH-001145,10,NA,OC316_OVARY,NA,48.7
ACH-001146,1,FALSE,OCILY10_HAEMATOPOIETIC_AND_LYMPHOID_TISSUE,NA,NA
ACH-001150,13,NA,OUMS27_BONE,NA,NA
ACH-001162,7,FALSE,PCM6_HAEMATOPOIETIC_AND_LYMPHOID_TISSUE,NA,NA
ACH-001171,11,NA,PL45_PANCREAS,NA,NA
ACH-001175,7,FALSE,RCC4_KIDNEY,NA,NA
ACH-001183,9,NA,RT11284_URINARY_TRACT,NA,NA
ACH-001188,4,FALSE,SHSY5Y_AUTONOMIC_GANGLIA,NA,88.1
ACH-001189,26,TRUE,SJRH30_SOFT_TISSUE,NA,NA
ACH-001190,12,NA,SKMEL2_SKIN,280,98.8
ACH-001194,15,NA,SKRC31_KIDNEY,NA,NA
ACH-001198,16,NA,SNB19_CENTRAL_NERVOUS_SYSTEM,NA,NA
ACH-001203,8,NA,SUPHD1_HAEMATOPOIETIC_AND_LYMPHOID_TISSUE,NA,NA
ACH-001205,3,FALSE,TC32_BONE,NA,NA
ACH-001214,16,NA,U138MG_CENTRAL_NERVOUS_SYSTEM,NA,NA
ACH-001224,20,NA,UMRC2_KIDNEY,NA,NA
ACH-001225,25,TRUE,UMRC6_KIDNEY,NA,NA
ACH-001230,9,NA,UT7_HAEMATOPOIETIC_AND_LYMPHOID_TISSUE,NA,NA
ACH-001233,20,NA,VMRCLCD_LUNG,NA,NA
ACH-001234,16,NA,VMRCLCP_LUNG,NA,NA
ACH-001239,10,NA,WM2664_SKIN,42,38.7
ACH-001249,16,NA,YMB1_BREAST,NA,NA
ACH-001306,23,TRUE,8305C_THYROID,NA,121.6
ACH-001307,24,TRUE,8505C_THYROID,NA,NA
ACH-001318,20,NA,PLCPRF5_LIVER,65,64.6
ACH-001321,11,NA,TT_THYROID,NA,NA
